Anio|Revista|Citas|JCR|Diff
2017|Artificial Intelligence|7818|3.034|16.362
2018|Artificial Intelligence|9362|4.483|13.393
2019|Artificial Intelligence|9788|6.628|11.384
2020|Artificial Intelligence|8.803|9.088|8.906
2021|Artificial Intelligence|14899|14.05|1.394
2017|Pattern Recognition|22195|3.965|34.159
2018|Pattern Recognition|27711|5.898|34.417
2019|Pattern Recognition|28857|7.196|36.662
2020|Pattern Recognition|6.615|7.74|28.911
2021|Pattern Recognition|37829|8.518|16.344
2017|Malaysian Journal of Computer Science|102|0.65|0.65
2018|Malaysian Journal of Computer Science|114|0.625|4.164
2019|Malaysian Journal of Computer Science|119|0.723|3.812
2020|Malaysian Journal of Computer Science|0.608|0.622|2.547
2021|Malaysian Journal of Computer Science|179|0.436|2.564
2017|International Journal of Neural Systems|1622|4.58|25.001
2018|International Journal of Neural Systems|2035|6.4|25.643
2019|International Journal of Neural Systems|1963|5.604|23.063
2020|International Journal of Neural Systems|4.17|5.866|15.134
2021|International Journal of Neural Systems|2891|6.325|9.81
2017|IEEE Transactions on Pattern Analysis and Machine Intelligence|46505|9.455|84.146
2018|IEEE Transactions on Pattern Analysis and Machine Intelligence|55828|17.73|113.988
2019|IEEE Transactions on Pattern Analysis and Machine Intelligence|52888|17.861|95.147
2020|IEEE Transactions on Pattern Analysis and Machine Intelligence|16.125|16.389|36.339
2021|IEEE Transactions on Pattern Analysis and Machine Intelligence|73149|24.314|19.428
2017|Pattern Recognition Letters|10799|1.954|17.452
2018|Pattern Recognition Letters|12661|2.81|16.958
2019|Pattern Recognition Letters|13401|3.255|15.398
2020|Pattern Recognition Letters|3.422|3.756|14.123
2021|Pattern Recognition Letters|18442|4.757|12.298
2017|Decision Support Systems|8810|3.565|37.513
2018|Decision Support Systems|9734|3.847|34.775
2019|Decision Support Systems|10739|4.721|29.621
2020|Decision Support Systems|5.132|5.795|19.176
2021|Decision Support Systems|15272|6.969|11.567
2017|Journal of Automated Reasoning|585|1.321|9.438
2018|Journal of Automated Reasoning|584|1.172|10.86
2019|Journal of Automated Reasoning|625|1.431|12.265
2020|Journal of Automated Reasoning|0.775|0.944|6.84
2021|Journal of Automated Reasoning|935|1.15|3.46
2017|Data &amp; Knowledge Engineering|1520|1.467|8.851
2018|Data &amp; Knowledge Engineering|1606|1.583|10.339
2019|Data &amp; Knowledge Engineering|1602|1.476|9.567
2020|Data &amp; Knowledge Engineering|1.907|1.992|6.108
2021|Data &amp; Knowledge Engineering|1713|1.5|3.662
2017|Chemometrics and Intelligent Laboratory Systems|7563|2.701|20.377
2018|Chemometrics and Intelligent Laboratory Systems|9266|2.786|15.098
2019|Chemometrics and Intelligent Laboratory Systems|9421|2.895|13.431
2020|Chemometrics and Intelligent Laboratory Systems|3.148|3.491|10.648
2021|Chemometrics and Intelligent Laboratory Systems|12344|4.175|6.657
2017|International Journal of Pattern Recognition and Artificial Intelligence|1202|1.029|7.377
2018|International Journal of Pattern Recognition and Artificial Intelligence|1429|1.11|5.545
2019|International Journal of Pattern Recognition and Artificial Intelligence|1785|1.375|5.393
2020|International Journal of Pattern Recognition and Artificial Intelligence|1.151|1.373|4.38
2021|International Journal of Pattern Recognition and Artificial Intelligence|2331|1.261|3.118
2017|International Journal of Software Engineering and Knowledge Engineering|360|0.397|3.641
2018|International Journal of Software Engineering and Knowledge Engineering|425|0.644|4.867
2019|International Journal of Software Engineering and Knowledge Engineering|535|0.886|3.819
2020|International Journal of Software Engineering and Knowledge Engineering|1.362|1.47|3.679
2021|International Journal of Software Engineering and Knowledge Engineering|640|1.007|3.143
2017|International Journal on Artificial Intelligence Tools|1509|1.159|1.159
2018|International Journal on Artificial Intelligence Tools|1882|1.286|1.286
2019|International Journal on Artificial Intelligence Tools|1774|1.375|1.375
2020|International Journal on Artificial Intelligence Tools|1.491|1.518|1.518
2021|International Journal on Artificial Intelligence Tools|2001|1.027|1.027
2017|Knowledge and Information Systems|2343|2.247|20.233
2018|Knowledge and Information Systems|3006|2.397|17.928
2019|Knowledge and Information Systems|3242|2.936|17.783
2020|Knowledge and Information Systems|2.701|2.822|10.775
2021|Knowledge and Information Systems|4789|2.531|6.771
2017|International Journal of Information Technology &amp; Decision Making|852|1.755|14.395
2018|International Journal of Information Technology &amp; Decision Making|1130|2.862|12.288
2019|International Journal of Information Technology &amp; Decision Making|1248|1.894|8.006
2020|International Journal of Information Technology &amp; Decision Making|2.087|2.22|6.73
2021|International Journal of Information Technology &amp; Decision Making|1705|3.508|6.248
2017|Image and Vision Computing|5280|2.159|15.017
2018|Image and Vision Computing|5870|2.733|18.899
2019|Image and Vision Computing|5275|3.103|18.419
2020|Image and Vision Computing|2.703|2.818|11.897
2021|Image and Vision Computing|6254|3.86|8.043
2017|Expert Systems|568|1.43|11.914
2018|Expert Systems|677|1.505|9.148
2019|Expert Systems|785|1.546|6.882
2020|Expert Systems|2.291|2.587|6.518
2021|Expert Systems|1833|2.812|4.62
2017|Artificial Intelligence Review|1896|3.814|51.436
2018|Artificial Intelligence Review|2627|5.095|33.961
2019|Artificial Intelligence Review|3229|5.747|33.656
2020|Artificial Intelligence Review|7.563|8.139|34.333
2021|Artificial Intelligence Review|7204|9.588|29.908
2017|The Knowledge Engineering Review|864|1.07|11.094
2018|The Knowledge Engineering Review|891|0.814|7.066
2019|The Knowledge Engineering Review|851|1.257|6.765
2020|The Knowledge Engineering Review|1.038|1.094|7.434
2021|The Knowledge Engineering Review|1145|2.016|4.381
2017|AI Magazine|1293|1.032|1.032
2018|AI Magazine|1419|1.316|14.414
2019|AI Magazine|1653|1.627|12.917
2020|AI Magazine|1.094|1.094|6.01
2021|AI Magazine|2474|2.524|4.152
2017|Traitement du Signal|51|0.057|0.355
2018|Traitement du Signal||0.387|0.713
2019|Traitement du Signal|100|1.541|1.52
2020|Traitement du Signal|1.989|2.589|3.215
2021|Traitement du Signal|564|2.299|2.354
2017|Computational Intelligence|624|1.352|13.54
2018|Computational Intelligence|709|0.776|4.797
2019|Computational Intelligence|756|1.196|5.813
2020|Computational Intelligence|1.979|2.33|6.174
2021|Computational Intelligence|1419|2.142|5.131
2017|Applied Artificial Intelligence|618|0.587|7.854
2018|Applied Artificial Intelligence|698|0.988|12.29
2019|Applied Artificial Intelligence|807|1.172|10.086
2020|Applied Artificial Intelligence|1.471|1.58|7.462
2021|Applied Artificial Intelligence|1399|2.777|6.206
2017|International Journal of Intelligent Systems|2554|3.363|22.555
2018|International Journal of Intelligent Systems|4310|7.229|18.514
2019|International Journal of Intelligent Systems|5796|10.312|22.251
2020|International Journal of Intelligent Systems|7.76|8.709|22.858
2021|International Journal of Intelligent Systems|7799|8.993|14.337
2017|Computer Speech &amp; Language|1211|1.776|11.631
2018|Computer Speech &amp; Language|1437|1.857|10.847
2019|Computer Speech &amp; Language|1402|2.116|10.507
2020|Computer Speech &amp; Language|1.827|1.899|7.392
2021|Computer Speech &amp; Language|2014|3.252|6.234
2017|Machine Learning|13453|1.855|19.166
2018|Machine Learning|17358|2.809|18.105
2019|Machine Learning|18677|2.672|17.026
2020|Machine Learning|2.805|2.94|11.766
2021|Machine Learning|30019|5.414|9.339
2017|Journal of Chemometrics|3171|1.5|8.424
2018|Journal of Chemometrics|3900|1.847|5.34
2019|Journal of Chemometrics|3563|1.633|5.258
2020|Journal of Chemometrics|2.225|2.467|3.876
2021|Journal of Chemometrics|4544|2.5|2.453
2017|International Journal of Approximate Reasoning|3384|1.766|10.655
2018|International Journal of Approximate Reasoning|3587|1.982|10.861
2019|International Journal of Approximate Reasoning|4190|2.678|11.057
2020|International Journal of Approximate Reasoning|2.861|3.816|10.649
2021|International Journal of Approximate Reasoning|5461|4.452|7.486
2017|AI EDAM|703|1.045|1.045
2018|AI EDAM|630|0.894|0.894
2019|AI EDAM|634|1.119|1.119
2020|AI EDAM|1.5|1.671|1.671
2021|AI EDAM|826|1.634|1.634
2017|Computational Linguistics|1864|1.319|15.388
2018|Computational Linguistics|2138|2.13|10.175
2019|Computational Linguistics|2426|2.51|8.232
2020|Computational Linguistics|2.188|2.271|4.866
2021|Computational Linguistics|2694|7.778|1.376
2017|Neural Networks|10086|7.197|61.15
2018|Neural Networks|13063|5.785|27.194
2019|Neural Networks|14065|5.535|29.643
2020|Neural Networks|7.119|8.05|26.786
2021|Neural Networks|23717|9.657|17.622
2017|Neural Computation|10797|1.651|13.659
2018|Neural Computation|14077|2.261|22.355
2019|Neural Computation|14624|2.505|19.381
2020|Neural Computation|1.922|2.026|13.488
2021|Neural Computation|22519|3.278|9.986
2017|International Journal of Computer Vision|16572|11.541|157.65
2018|International Journal of Computer Vision|17707|6.071|43.951
2019|International Journal of Computer Vision|16022|5.698|45.559
2020|International Journal of Computer Vision|7.0|7.41|35.395
2021|International Journal of Computer Vision|23067|13.369|24.977
2017|Journal of Intelligent &amp; Robotic Systems|2664|1.583|18.49
2018|Journal of Intelligent &amp; Robotic Systems|3443|2.02|16.798
2019|Journal of Intelligent &amp; Robotic Systems|3904|2.259|13.218
2020|Journal of Intelligent &amp; Robotic Systems|2.402|2.646|9.732
2021|Journal of Intelligent &amp; Robotic Systems|5397|3.129|7.667
2017|AI Communications|399|0.461|5.039
2018|AI Communications|416|0.765|11.521
2019|AI Communications|429|1.0|10.638
2020|AI Communications|0.537|0.537|3.425
2021|AI Communications|553|1.029|1.853
2017|Robotics and Autonomous Systems|4659|2.638|30.204
2018|Robotics and Autonomous Systems|6182|2.928|23.362
2019|Robotics and Autonomous Systems|6270|2.825|19.005
2020|Robotics and Autonomous Systems|2.94|3.12|15.001
2021|Robotics and Autonomous Systems|8569|3.7|9.98
2017|Minds and Machines|355|0.842|6.701
2018|Minds and Machines|449|1.4|9.564
2019|Minds and Machines|534|1.855|9.669
2020|Minds and Machines|3.123|3.404|9.993
2021|Minds and Machines|1180|5.339|14.641
2017|Applied Intelligence|1702|1.983|20.358
2018|Applied Intelligence|2667|2.882|16.15
2019|Applied Intelligence|3732|3.325|18.512
2020|Applied Intelligence|4.416|5.086|16.02
2021|Applied Intelligence|8493|5.019|9.983
2017|Journal of Mathematical Imaging and Vision|2049|1.927|13.869
2018|Journal of Mathematical Imaging and Vision|2286|1.603|9.245
2019|Journal of Mathematical Imaging and Vision|2085|1.353|7.425
2020|Journal of Mathematical Imaging and Vision|1.438|1.627|5.184
2021|Journal of Mathematical Imaging and Vision|2303|1.627|3.986
2017|Neurocomputing|246|0.536|0.536
2018|Neurocomputing|245|0.5|0.5
2019|Neurocomputing|274|0.44|0.44
2020|Neurocomputing|0.771|0.829|0.829
2021|Neurocomputing|277|0.617|0.617
2017|Journal of Intelligent Information Systems|794|1.107|10.502
2018|Journal of Intelligent Information Systems|883|1.589|10.835
2019|Journal of Intelligent Information Systems|967|1.813|10.718
2020|Journal of Intelligent Information Systems|1.765|1.888|9.242
2021|Journal of Intelligent Information Systems|1373|2.504|6.206
2017|Autonomous Robots|2537|2.244|23.725
2018|Autonomous Robots|3460|3.634|25.284
2019|Autonomous Robots|3472|3.602|24.266
2020|Autonomous Robots|2.886|3.0|15.677
2021|Autonomous Robots|4629|3.255|8.629
2017|Machine Vision and Applications|1854|1.306|12.959
2018|Machine Vision and Applications|2038|1.788|12.82
2019|Machine Vision and Applications|2029|1.605|8.414
2020|Machine Vision and Applications|1.89|2.012|6.789
2021|Machine Vision and Applications|2529|2.983|7.004
2017|Artificial Intelligence in Medicine|2097|2.879|24.452
2018|Artificial Intelligence in Medicine|2462|3.574|23.835
2019|Artificial Intelligence in Medicine|2953|4.383|22.202
2020|Artificial Intelligence in Medicine|4.928|5.326|20.745
2021|Artificial Intelligence in Medicine|5314|7.011|16.954
2017|Neural Computing and Applications|5191|4.215|23.118
2018|Neural Computing and Applications|8160|4.664|21.553
2019|Neural Computing and Applications|11375|4.774|18.556
2020|Neural Computing and Applications|4.808|5.606|15.564
2021|Neural Computing and Applications|23402|5.102|12.295
2017|Knowledge-Based Systems|9172|4.396|42.588
2018|Knowledge-Based Systems|12347|5.101|35.498
2019|Knowledge-Based Systems|15975|5.921|30.135
2020|Knowledge-Based Systems|6.796|8.038|24.828
2021|Knowledge-Based Systems|28857|8.139|16.457
2017|Engineering Applications of Artificial Intelligence|5555|2.819|24.622
2018|Engineering Applications of Artificial Intelligence|6789|3.526|23.498
2019|Engineering Applications of Artificial Intelligence|7561|4.201|24.116
2020|Engineering Applications of Artificial Intelligence|5.682|6.212|22.418
2021|Engineering Applications of Artificial Intelligence|13571|7.802|16.534
2017|Journal of Experimental &amp; Theoretical Artificial Intelligence|538|1.011|10.614
2018|Journal of Experimental &amp; Theoretical Artificial Intelligence|674|2.111|13.991
2019|Journal of Experimental &amp; Theoretical Artificial Intelligence|806|2.039|10.207
2020|Journal of Experimental &amp; Theoretical Artificial Intelligence|2.134|2.34|6.0
2021|Journal of Experimental &amp; Theoretical Artificial Intelligence|1240|2.296|6.001
2017|Connection Science|326|0.933|6.247
2018|Connection Science|397|0.673|6.846
2019|Connection Science|413|1.042|7.125
2020|Connection Science|1.324|1.971|6.11
2021|Connection Science|921|0.0|8.842
2017|Network: Computation in Neural Systems|772|0.706|6.353
2018|Network: Computation in Neural Systems|755|1.0|5.062
2019|Network: Computation in Neural Systems|761|0.5|5.0
2020|Network: Computation in Neural Systems|1.273|1.273|2.0
2021|Network: Computation in Neural Systems|804|1.5|0.9
2017|Journal of Intelligent Manufacturing|3457|3.667|22.705
2018|Journal of Intelligent Manufacturing|3783|3.535|23.337
2019|Journal of Intelligent Manufacturing|4655|4.311|21.752
2020|Journal of Intelligent Manufacturing|5.107|6.485|18.538
2021|Journal of Intelligent Manufacturing|7649|7.136|20.659
2017|Expert Systems with Applications|33177|3.768|38.149
2018|Expert Systems with Applications|39173|4.292|35.003
2019|Expert Systems with Applications|43958|5.452|32.399
2020|Expert Systems with Applications|6.34|6.954|26.345
2021|Expert Systems with Applications|64974|8.665|18.826
2017|Annals of Mathematics and Artificial Intelligence|751|0.899|7.703
2018|Annals of Mathematics and Artificial Intelligence|809|1.011|6.524
2019|Annals of Mathematics and Artificial Intelligence|806|0.778|4.525
2020|Annals of Mathematics and Artificial Intelligence|0.732|0.789|3.331
2021|Annals of Mathematics and Artificial Intelligence|1087|1.019|2.524
2017|IEEE Transactions on Knowledge and Data Engineering|9373|2.775|33.918
2018|IEEE Transactions on Knowledge and Data Engineering|12124|3.857|35.482
2019|IEEE Transactions on Knowledge and Data Engineering|13772|4.935|30.966
2020|IEEE Transactions on Knowledge and Data Engineering|6.87|6.977|18.533
2021|IEEE Transactions on Knowledge and Data Engineering|20454|9.235|8.787
2017|IEEE Transactions on Image Processing|31355|5.072|35.863
2018|IEEE Transactions on Image Processing|40201|6.79|34.298
2019|IEEE Transactions on Image Processing|47814|9.34|33.52
2020|IEEE Transactions on Image Processing|9.662|10.856|28.271
2021|IEEE Transactions on Image Processing|67579|11.041|19.031
2017|Adaptive Behavior|583|1.0|8.887
2018|Adaptive Behavior|654|1.362|9.838
2019|Adaptive Behavior|607|0.929|5.136
2020|Adaptive Behavior|1.769|1.942|3.501
2021|Adaptive Behavior|853|1.867|3.145
2017|Evolutionary Computation|2629|2.388|23.293
2018|Evolutionary Computation|2900|3.469|26.191
2019|Evolutionary Computation|3226|3.933|22.8
2020|Evolutionary Computation|3.17|3.277|13.765
2021|Evolutionary Computation|3763|4.766|10.916
2017|IEEE Transactions on Fuzzy Systems|12946|8.415|38.247
2018|IEEE Transactions on Fuzzy Systems|15574|8.759|33.262
2019|IEEE Transactions on Fuzzy Systems|16974|9.518|35.59
2020|IEEE Transactions on Fuzzy Systems|11.039|12.029|28.276
2021|IEEE Transactions on Fuzzy Systems|25583|12.253|13.742
2017|Journal of Intelligent &amp; Fuzzy Systems|3841|1.426|8.136
2018|Journal of Intelligent &amp; Fuzzy Systems|5527|1.637|7.804
2019|Journal of Intelligent &amp; Fuzzy Systems|7339|1.851|6.857
2020|Journal of Intelligent &amp; Fuzzy Systems||0.0|7.121
2021|Journal of Intelligent &amp; Fuzzy Systems|10814|1.737|3.698
2017|Journal of Computer and Systems Sciences International|460|0.554|3.672
2018|Journal of Computer and Systems Sciences International|450|0.513|2.932
2019|Journal of Computer and Systems Sciences International|447|0.538|3.57
2020|Journal of Computer and Systems Sciences International|0.271|0.536|3.062
2021|Journal of Computer and Systems Sciences International|542|0.722|2.015
2017|Artificial Life|721|0.897|6.333
2018|Artificial Life|869|1.608|8.946
2019|Artificial Life|835|1.186|7.878
2020|Artificial Life|0.467|0.667|3.608
2021|Artificial Life|782|1.717|4.19
2017|Integrated Computer-Aided Engineering|587|3.667|15.808
2018|Integrated Computer-Aided Engineering|691|4.904|14.429
2019|Integrated Computer-Aided Engineering|665|4.706|16.407
2020|Integrated Computer-Aided Engineering|3.673|4.827|9.116
2021|Integrated Computer-Aided Engineering|891|6.137|6.548
2017|Journal of Artificial Intelligence Research|3157|1.257|1.257
2018|Journal of Artificial Intelligence Research|4004|1.82|1.82
2019|Journal of Artificial Intelligence Research|4623|2.441|49.777
2020|Journal of Artificial Intelligence Research|2.65|2.776|46.262
2021|Journal of Artificial Intelligence Research|7528|3.635|5.278
2017|Computer Vision and Image Understanding|5528|2.391|17.821
2018|Computer Vision and Image Understanding|6450|2.645|19.082
2019|Computer Vision and Image Understanding|5691|3.121|19.729
2020|Computer Vision and Image Understanding|3.708|3.876|15.773
2021|Computer Vision and Image Understanding|6562|4.886|9.49
2017|Intelligent Automation &amp; Soft Computing|363|0.652|4.397
2018|Intelligent Automation &amp; Soft Computing|471|0.79|4.466
2019|Intelligent Automation &amp; Soft Computing|651|1.276|3.16
2020|Intelligent Automation &amp; Soft Computing|1.471|1.647|1.301
2021|Intelligent Automation &amp; Soft Computing|1307|3.401|0.428
2017|Intelligent Data Analysis|772|0.691|5.021
2018|Intelligent Data Analysis|964|0.612|4.815
2019|Intelligent Data Analysis|1000|0.651|4.434
2020|Intelligent Data Analysis|0.76|0.86|3.774
2021|Intelligent Data Analysis|1544|1.321|2.668
2017|IEEE Transactions on Evolutionary Computation|10682|8.124|50.81
2018|IEEE Transactions on Evolutionary Computation|12841|8.508|42.169
2019|IEEE Transactions on Evolutionary Computation|15581|11.169|35.059
2020|IEEE Transactions on Evolutionary Computation|10.403|11.554|35.533
2021|IEEE Transactions on Evolutionary Computation|20841|16.497|18.642
2017|Neural Network World|264|0.5|5.621
2018|Neural Network World|326|0.957|5.434
2019|Neural Network World|289|0.635|4.831
2020|Neural Network World|1.357|1.518|4.686
2021|Neural Network World|383|1.304|4.664
2017|Turkish Journal of Electrical Engineering and Computer Sciences|927|0.58|4.243
2018|Turkish Journal of Electrical Engineering and Computer Sciences|1163|0.625|3.841
2019|Turkish Journal of Electrical Engineering and Computer Sciences|1315|0.682|3.47
2020|Turkish Journal of Electrical Engineering and Computer Sciences|0.714|0.806|2.977
2021|Turkish Journal of Electrical Engineering and Computer Sciences|2004|0.853|0.853
2017|Computing and Informatics|367|0.41|0.41
2018|Computing and Informatics|362|0.421|2.529
2019|Computing and Informatics|350|0.496|2.645
2020|Computing and Informatics|0.303|0.319|3.863
2021|Computing and Informatics|366|0.455|0.455
2017|Natural Language Engineering|345|0.8|6.897
2018|Natural Language Engineering|443|1.13|10.246
2019|Natural Language Engineering|556|1.465|8.179
2020|Natural Language Engineering|1.0|1.07|3.579
2021|Natural Language Engineering|864|1.841|2.414
2017|Medical Image Analysis|6383|5.356|36.914
2018|Medical Image Analysis|7694|8.88|74.277
2019|Medical Image Analysis|9028|11.148|70.045
2020|Medical Image Analysis|8.03|8.545|41.525
2021|Medical Image Analysis|16080|13.828|30.947
2017|Neural Processing Letters|1487|1.787|13.051
2018|Neural Processing Letters|2140|2.591|10.907
2019|Neural Processing Letters|2606|2.891|9.705
2020|Neural Processing Letters|2.414|2.908|7.868
2021|Neural Processing Letters|4028|2.565|6.374
2017|Journal of Heuristics|1122|1.129|12.903
2018|Journal of Heuristics|1187|1.392|11.49
2019|Journal of Heuristics|1239|1.577|9.288
2020|Journal of Heuristics|1.636|1.682|7.427
2021|Journal of Heuristics|1519|2.247|5.841
2017|Constraints|262|0.66|4.763
2018|Constraints|267|1.106|6.042
2019|Constraints|255|1.167|7.589
2020|Constraints|1.536|1.679|7.688
2021|Constraints|332|0.583|1.5
2017|Data Mining and Knowledge Discovery|2876|2.481|35.125
2018|Data Mining and Knowledge Discovery|3506|2.879|27.602
2019|Data Mining and Knowledge Discovery|3566|2.629|19.559
2020|Data Mining and Knowledge Discovery|3.365|3.67|19.033
2021|Data Mining and Knowledge Discovery|5039|5.406|18.42
2017|Autonomous Agents and Multi-Agent Systems|756|1.176|12.199
2018|Autonomous Agents and Multi-Agent Systems|877|1.419|10.765
2019|Autonomous Agents and Multi-Agent Systems|849|1.342|6.875
2020|Autonomous Agents and Multi-Agent Systems|1.216|1.431|9.782
2021|Autonomous Agents and Multi-Agent Systems|1157|2.475|5.7
2017|Cognitive Systems Research|508|1.425|7.858
2018|Cognitive Systems Research||1.384|10.467
2019|Cognitive Systems Research||1.902|11.361
2020|Cognitive Systems Research|||
2021|Cognitive Systems Research|2101||
2017|Genetic Programming and Evolvable Machines|307|1.455|8.936
2018|Genetic Programming and Evolvable Machines|340|1.333|6.934
2019|Genetic Programming and Evolvable Machines|378|1.781|5.871
2020|Genetic Programming and Evolvable Machines|1.6|1.714|6.53
2021|Genetic Programming and Evolvable Machines|515|2.522|5.308
2017|Information Technology and Control|229|0.8|2.329
2018|Information Technology and Control|278|0.707|2.068
2019|Information Technology and Control|267|0.905|1.847
2020|Information Technology and Control|1.139|1.228|1.712
2021|Information Technology and Control|326|0.813|2.396
2017|Soft Computing|4456|2.367|16.391
2018|Soft Computing|6483|2.784|14.492
2019|Soft Computing|8859|3.05|13.296
2020|Soft Computing|3.039|3.643|11.193
2021|Soft Computing|17142|3.732|8.512
2017|International Journal on Document Analysis and Recognition (IJDAR)|506|1.298|15.957
2018|International Journal on Document Analysis and Recognition (IJDAR)|606|0.846|8.865
2019|International Journal on Document Analysis and Recognition (IJDAR)|518|1.486|11.143
2020|International Journal on Document Analysis and Recognition (IJDAR)|2.064|2.085|12.332
2021|International Journal on Document Analysis and Recognition (IJDAR)|930|3.87|8.385
2017|Pattern Analysis and Applications|869|1.281|10.108
2018|Pattern Analysis and Applications|1065|1.41|8.069
2019|Pattern Analysis and Applications|1197|1.512|9.177
2020|Pattern Analysis and Applications|2.431|2.58|7.847
2021|Pattern Analysis and Applications|2099|2.307|5.915
2017|Advanced Engineering Informatics|17586|2.281|2.281
2018|Advanced Engineering Informatics|25684|4.091|4.091
2019|Advanced Engineering Informatics|28234|3.484|3.484
2020|Advanced Engineering Informatics|3.408|3.654|3.654
2021|Advanced Engineering Informatics|47705|5.177|5.177
2017|IEEE Intelligent Systems|2638|2.596|16.496
2018|IEEE Intelligent Systems|3053|4.464|16.132
2019|IEEE Intelligent Systems|3141|3.21|9.664
2020|IEEE Intelligent Systems|3.365|3.405|4.466
2021|IEEE Intelligent Systems|4316|6.744|1.364
2017|International Journal on Semantic Web and Information Systems|309|0.793|5.072
2018|International Journal on Semantic Web and Information Systems|311|1.833|8.167
2019|International Journal on Semantic Web and Information Systems|397|1.742|6.126
2020|International Journal on Semantic Web and Information Systems|0.686|0.843|3.121
2021|International Journal on Semantic Web and Information Systems|357|1.478|4.822
2017|ACM Transactions on Autonomous and Adaptive Systems|420|1.216|9.833
2018|ACM Transactions on Autonomous and Adaptive Systems||2.66|8.492
2019|ACM Transactions on Autonomous and Adaptive Systems||1.775|8.4
2020|ACM Transactions on Autonomous and Adaptive Systems|0.943|0.971|6.204
2021|ACM Transactions on Autonomous and Adaptive Systems|419|1.913|2.587
2017|IEEE Computational Intelligence Magazine|980|6.611|5.777
2018|IEEE Computational Intelligence Magazine|1333|5.857|6.776
2019|IEEE Computational Intelligence Magazine|1538|9.083|12.053
2020|IEEE Computational Intelligence Magazine|11.267|11.356|5.036
2021|IEEE Computational Intelligence Magazine|2720|9.809|2.381
2017|International Journal of Fuzzy Systems|1213|2.396|11.745
2018|International Journal of Fuzzy Systems|1809|3.085|11.975
2019|International Journal of Fuzzy Systems|2566|4.406|15.162
2020|International Journal of Fuzzy Systems|4.062|4.673|13.66
2021|International Journal of Fuzzy Systems|3795|4.085|8.564
2017|Information Fusion|3303|6.639|49.763
2018|Information Fusion|4746|10.716|69.332
2019|Information Fusion|6409|13.669|66.41
2020|Information Fusion|11.907|12.975|45.162
2021|Information Fusion|13268|17.564|33.684
2017|Natural Computing|743|0.86|6.055
2018|Natural Computing|778|1.33|6.749
2019|Natural Computing|797|1.495|8.079
2020|Natural Computing|1.619|1.69|6.028
2021|Natural Computing|1181|1.504|3.419
2017|Fuzzy Optimization and Decision Making|826|2.022|15.282
2018|Fuzzy Optimization and Decision Making|1059|4.128|18.481
2019|Fuzzy Optimization and Decision Making|1098|4.319|19.92
2020|Fuzzy Optimization and Decision Making|3.83|4.128|11.638
2021|Fuzzy Optimization and Decision Making|1393|5.274|8.386
2017|Applied Soft Computing|14474|3.907|35.095
2018|Applied Soft Computing|19765|4.873|31.734
2019|Applied Soft Computing|24071|5.472|28.904
2020|Applied Soft Computing|6.019|6.725|23.222
2021|Applied Soft Computing|41240|8.263|16.653
2017|Semantic Web|522|2.224|25.548
2018|Semantic Web|798|3.524|24.824
2019|Semantic Web|836|3.182|12.872
2020|Semantic Web|1.893|2.214|9.237
2021|Semantic Web|1355|3.105|6.019
2017|Applied Ontology|165|0.774|13.959
2018|Applied Ontology|148|0.75|5.981
2019|Applied Ontology|193|0.852|4.934
2020|Applied Ontology|0.769|1.115|5.329
2021|Applied Ontology|300|1.367|3.118
2017|Journal of Web Semantics|961|1.348|20.675
2018|Journal of Web Semantics|1162|2.429|18.492
2019|Journal of Web Semantics|1207|2.238|8.975
2020|Journal of Web Semantics|1.828|1.897|5.419
2021|Journal of Web Semantics|1110|2.77|3.306
2017|Advances in Electrical and Computer Engineering|358|0.699|3.287
2018|Advances in Electrical and Computer Engineering|393|0.65|4.202
2019|Advances in Electrical and Computer Engineering|387|1.102|5.043
2020|Advances in Electrical and Computer Engineering|1.053|1.221|3.591
2021|Advances in Electrical and Computer Engineering|435|0.825|1.848
2017|International Journal of Applied Mathematics and Computer Science|1120|1.694|1.694
2018|International Journal of Applied Mathematics and Computer Science|1205|1.504|1.504
2019|International Journal of Applied Mathematics and Computer Science|1075|0.967|0.967
2020|International Journal of Applied Mathematics and Computer Science|1.108|1.417|1.417
2021|International Journal of Applied Mathematics and Computer Science|1365|2.157|2.157
2017|Frontiers in Neurorobotics|353|2.606|27.939
2018|Frontiers in Neurorobotics|609|3.0|26.112
2019|Frontiers in Neurorobotics|799|2.574|17.923
2020|Frontiers in Neurorobotics|2.432|2.65|12.228
2021|Frontiers in Neurorobotics|2087|3.493|7.832
2017|The International Arab Journal of Information Technology|524|0.466|0.466
2018|The International Arab Journal of Information Technology|674|0.41|0.41
2019|The International Arab Journal of Information Technology|645|0.467|0.467
2020|The International Arab Journal of Information Technology|0.528|0.669|0.531
2021|The International Arab Journal of Information Technology|839|0.967|0.773
2017|IET Computer Vision|555|1.087|1.087
2018|IET Computer Vision|883|1.648|5.685
2019|IET Computer Vision|990|1.516|8.151
2020|IET Computer Vision|1.891|1.95|1.55
2021|IET Computer Vision|1196|1.484|1.039
2017|IET Image Processing|1000|1.401|0.099
2018|IET Image Processing|1636|2.004|7.227
2019|IET Image Processing|2030|1.995|7.155
2020|IET Image Processing|1.932|2.373|5.237
2021|IET Image Processing|3675|1.773|3.619
2017|International Journal of Bio-Inspired Computation|590|2.266|13.107
2018|International Journal of Bio-Inspired Computation|968|3.395|5.17
2019|International Journal of Bio-Inspired Computation|948|1.914|3.902
2020|International Journal of Bio-Inspired Computation|3.621|3.977|2.783
2021|International Journal of Bio-Inspired Computation|1295|3.295|1.436
2017|Journal on Multimodal User Interfaces|189|1.14|17.926
2018|Journal on Multimodal User Interfaces|306|2.02|18.431
2019|Journal on Multimodal User Interfaces|345|1.511|10.272
2020|Journal on Multimodal User Interfaces|1.538|1.769|6.831
2021|Journal on Multimodal User Interfaces|535|1.694|6.773
2017|Journal of Real-Time Image Processing|634|1.574|11.071
2018|Journal of Real-Time Image Processing|1029|2.588|8.731
2019|Journal of Real-Time Image Processing|1053|1.968|6.911
2020|Journal of Real-Time Image Processing|1.958|2.358|6.194
2021|Journal of Real-Time Image Processing|1643|2.293|5.204
2017|Memetic Computing|310|1.925|14.288
2018|Memetic Computing|469|2.674|11.993
2019|Memetic Computing|571|3.86|19.484
2020|Memetic Computing|5.783|5.9|16.16
2021|Memetic Computing|814|3.577|6.791
2017|Cognitive Computation|1049|3.479|23.987
2018|Cognitive Computation|1578|4.287|21.883
2019|Cognitive Computation||4.307|20.45
2020|Cognitive Computation|4.064|5.418|13.85
2021|Cognitive Computation|2904|4.89|8.932
2017|Journal of Ambient Intelligence and Humanized Computing|515|1.423|13.053
2018|Journal of Ambient Intelligence and Humanized Computing|861|1.91|11.922
2019|Journal of Ambient Intelligence and Humanized Computing|2097|4.594|9.681
2020|Journal of Ambient Intelligence and Humanized Computing|4.214|7.104|8.629
2021|Journal of Ambient Intelligence and Humanized Computing|8357|3.662|10.537
2017|International Journal of Machine Learning and Cybernetics|1134|2.692|13.267
2018|International Journal of Machine Learning and Cybernetics|1998|3.844|14.344
2019|International Journal of Machine Learning and Cybernetics|2447|3.753|14.368
2020|International Journal of Machine Learning and Cybernetics|3.535|4.012|12.614
2021|International Journal of Machine Learning and Cybernetics|4115|4.377|10.428
2017|International Journal of Computational Intelligence Systems|974|2.0|1.929
2018|International Journal of Computational Intelligence Systems|1321|2.153|2.153
2019|International Journal of Computational Intelligence Systems|1463|1.838|1.838
2020|International Journal of Computational Intelligence Systems|1.589|1.736|1.736
2021|International Journal of Computational Intelligence Systems|2213|2.259|2.259
2017|Journal of Ambient Intelligence and Smart Environments|362|0.878|6.336
2018|Journal of Ambient Intelligence and Smart Environments|306|1.186|6.987
2019|Journal of Ambient Intelligence and Smart Environments|424|1.595|4.519
2020|Journal of Ambient Intelligence and Smart Environments|1.895|2.105|4.402
2021|Journal of Ambient Intelligence and Smart Environments|554|2.759|3.417
2017|Statistical Analysis and Data Mining|336|0.865|5.338
2018|Statistical Analysis and Data Mining|393|0.741|7.536
2019|Statistical Analysis and Data Mining|478|1.396|6.741
2020|Statistical Analysis and Data Mining|1.017|1.051|2.624
2021|Statistical Analysis and Data Mining|719|1.247|1.978
2017|Swarm Intelligence|568|1.52|24.788
2018|Swarm Intelligence|595|2.208|20.192
2019|Swarm Intelligence|591|2.556|13.41
2020|Swarm Intelligence|2.036|2.143|12.889
2021|Swarm Intelligence|1021|3.727|6.965
2017|SIAM Journal on Imaging Sciences|3184|2.361|20.633
2018|SIAM Journal on Imaging Sciences|3806|2.514|16.676
2019|SIAM Journal on Imaging Sciences|3789|2.313|15.337
2020|SIAM Journal on Imaging Sciences|2.633|2.867|10.274
2021|SIAM Journal on Imaging Sciences|4235|1.938|5.41
2017|Wiley Interdisciplinary Reviews: Data Mining and Knowledge Discovery|547|1.939|16.394
2018|Wiley Interdisciplinary Reviews: Data Mining and Knowledge Discovery|858|2.541|13.866
2019|Wiley Interdisciplinary Reviews: Data Mining and Knowledge Discovery|1164|4.476|31.08
2020|Wiley Interdisciplinary Reviews: Data Mining and Knowledge Discovery|7.024|7.25|27.902
2021|Wiley Interdisciplinary Reviews: Data Mining and Knowledge Discovery|2821|7.558|13.277
2017|IEEE Transactions on Affective Computing|1333|4.585|50.709
2018|IEEE Transactions on Affective Computing|1943|6.288|37.15
2019|IEEE Transactions on Affective Computing|2375|7.512|31.488
2020|IEEE Transactions on Affective Computing|10.345|10.506|30.918
2021|IEEE Transactions on Affective Computing|4522|13.99|16.59
2017|IET Biometrics|280|1.836|13.302
2018|IET Biometrics|475|2.092|12.238
2019|IET Biometrics|572|1.821|12.275
2020|IET Biometrics|2.316|2.588|11.207
2021|IET Biometrics|907|2.716|6.355
2017|ACM Transactions on Intelligent Systems and Technology|3392|2.973|21.314
2018|ACM Transactions on Intelligent Systems and Technology|4028|2.861|16.112
2019|ACM Transactions on Intelligent Systems and Technology|3727|2.672|14.738
2020|ACM Transactions on Intelligent Systems and Technology|4.512|4.654|22.836
2021|ACM Transactions on Intelligent Systems and Technology|5126|10.489|16.779
2017|IEEE Transactions on Neural Networks and Learning Systems|19867|7.982|42.72
2018|IEEE Transactions on Neural Networks and Learning Systems|27444|11.683|40.784
2019|IEEE Transactions on Neural Networks and Learning Systems|27880|8.793|39.973
2020|IEEE Transactions on Neural Networks and Learning Systems|9.362|10.451|31.864
2021|IEEE Transactions on Neural Networks and Learning Systems|49190|14.255|17.509
2017|IEEE Transactions on Cybernetics|9424|8.803|47.508
2018|IEEE Transactions on Cybernetics|13561|10.387|46.953
2019|IEEE Transactions on Cybernetics|17681|11.079|39.022
2020|IEEE Transactions on Cybernetics|10.504|11.448|29.983
2021|IEEE Transactions on Cybernetics|38676|19.118|22.803
2017|IEEE Transactions on Human-Machine Systems|891|2.563|21.332
2018|IEEE Transactions on Human-Machine Systems|1269|3.332|19.742
2019|IEEE Transactions on Human-Machine Systems|1556|3.374|15.323
2020|IEEE Transactions on Human-Machine Systems|2.81|2.968|10.615
2021|IEEE Transactions on Human-Machine Systems|2333|4.124|5.898
2017|Swarm and Evolutionary Computation|1517|3.818|44.172
2018|Swarm and Evolutionary Computation|2429|6.33|41.381
2019|Swarm and Evolutionary Computation|3774|6.912|31.206
2020|Swarm and Evolutionary Computation|6.635|7.177|27.585
2021|Swarm and Evolutionary Computation|7569|10.267|20.251
2017|ACM Transactions on Asian and Low-Resource Language Information Processing|23|0.339|4.187
2018|ACM Transactions on Asian and Low-Resource Language Information Processing|65|0.788|5.151
2019|ACM Transactions on Asian and Low-Resource Language Information Processing|129|1.42|5.123
2020|ACM Transactions on Asian and Low-Resource Language Information Processing|1.107|1.413|4.082
2021|ACM Transactions on Asian and Low-Resource Language Information Processing|413|1.471|2.804
2017|IEEE Transactions on Cognitive and Developmental Systems|56|1.952|5.813
2018|IEEE Transactions on Cognitive and Developmental Systems|221|2.755|6.884
2019|IEEE Transactions on Cognitive and Developmental Systems|461|2.667|10.086
2020|IEEE Transactions on Cognitive and Developmental Systems|3.171|3.379|9.911
2021|IEEE Transactions on Cognitive and Developmental Systems|1276|4.546|4.525
2017|Egyptian Informatics Journal|||
2018|Egyptian Informatics Journal|406|2.306|19.039
2019|Egyptian Informatics Journal|579|3.119|21.069
2020|Egyptian Informatics Journal|3.886|3.943|15.301
2021|Egyptian Informatics Journal|1037|4.195|7.701
2017|Big Data Research|||
2018|Big Data Research|381|2.952|18.768
2019|Big Data Research|462|2.673|14.66
2020|Big Data Research|3.578|3.578|10.49
2021|Big Data Research|740|3.739|3.132
2017|IEEE Transactions on Games|||
2018|IEEE Transactions on Games|22|0.0|0.0
2019|IEEE Transactions on Games|83|1.886|6.9
2020|IEEE Transactions on Games|1.716|1.851|5.332
2021|IEEE Transactions on Games|191|1.237|3.908
2017|International Journal of Interactive Multimedia and Artificial Intelligence|||
2018|International Journal of Interactive Multimedia and Artificial Intelligence|||
2019|International Journal of Interactive Multimedia and Artificial Intelligence|537|2.561|9.973
2020|International Journal of Interactive Multimedia and Artificial Intelligence|2.735|3.137|5.287
2021|International Journal of Interactive Multimedia and Artificial Intelligence|1128|4.936|3.022
2017|ACM Transactions on Interactive Intelligent Systems|||
2018|ACM Transactions on Interactive Intelligent Systems|||
2019|ACM Transactions on Interactive Intelligent Systems|560|1.63|14.079
2020|ACM Transactions on Interactive Intelligent Systems|1.941|2.137|9.457
2021|ACM Transactions on Interactive Intelligent Systems|1014|1.887|5.597
2017|Complex &amp; Intelligent Systems|||
2018|Complex &amp; Intelligent Systems|||
2019|Complex &amp; Intelligent Systems|278|3.791|30.733
2020|Complex &amp; Intelligent Systems|3.982|4.927|19.554
2021|Complex &amp; Intelligent Systems|1941|6.7|15.663
2017|PeerJ Computer Science|||
2018|PeerJ Computer Science|||
2019|PeerJ Computer Science|685|3.091|32.506
2020|PeerJ Computer Science|1.353|1.392|7.363
2021|PeerJ Computer Science|1951|2.411|5.64
2017|Artificial Intelligence and Law|||
2018|Artificial Intelligence and Law|||
2019|Artificial Intelligence and Law|||
2020|Artificial Intelligence and Law|2.333|2.667|8.262
2021|Artificial Intelligence and Law|591|2.723|8.277
2017|Evolving Systems|||
2018|Evolving Systems|||
2019|Evolving Systems|||
2020|Evolving Systems|1.769|1.908|7.798
2021|Evolving Systems|683|2.347|7.82
2017|Journal of Artificial Intelligence and Soft Computing Research|||
2018|Journal of Artificial Intelligence and Soft Computing Research|||
2019|Journal of Artificial Intelligence and Soft Computing Research|||
2020|Journal of Artificial Intelligence and Soft Computing Research|1.775|2.5|9.577
2021|Journal of Artificial Intelligence and Soft Computing Research|325|2.675|11.749
2017|International Journal of Multimedia Information Retrieval|||
2018|International Journal of Multimedia Information Retrieval|||
2019|International Journal of Multimedia Information Retrieval|||
2020|International Journal of Multimedia Information Retrieval|2.974|3.205|16.844
2021|International Journal of Multimedia Information Retrieval|398|2.553|7.139
2017|Nature Machine Intelligence|||
2018|Nature Machine Intelligence|||
2019|Nature Machine Intelligence|||
2020|Nature Machine Intelligence|14.797|15.508|41.562
2021|Nature Machine Intelligence|4060|25.898|23.45
2017|Transactions of the Association for Computational Linguistics|||
2018|Transactions of the Association for Computational Linguistics|||
2019|Transactions of the Association for Computational Linguistics|||
2020|Transactions of the Association for Computational Linguistics|||
2021|Transactions of the Association for Computational Linguistics|2530|9.194|16.105
2017|IEEE Transactions on Intelligent Vehicles|||
2018|IEEE Transactions on Intelligent Vehicles|||
2019|IEEE Transactions on Intelligent Vehicles|||
2020|IEEE Transactions on Intelligent Vehicles|||
2021|IEEE Transactions on Intelligent Vehicles|1666|5.009|8.5
2017|IEEE Transactions on Emerging Topics in Computational Intelligence|||
2018|IEEE Transactions on Emerging Topics in Computational Intelligence|||
2019|IEEE Transactions on Emerging Topics in Computational Intelligence|||
2020|IEEE Transactions on Emerging Topics in Computational Intelligence|||
2021|IEEE Transactions on Emerging Topics in Computational Intelligence|1266|4.851|6.063
2017|Machine Learning: Science and Technology|||
2018|Machine Learning: Science and Technology|||
2019|Machine Learning: Science and Technology|||
2020|Machine Learning: Science and Technology|||
2021|Machine Learning: Science and Technology|791|6.013|8.934
2017|Advanced Intelligent Systems|||
2018|Advanced Intelligent Systems|||
2019|Advanced Intelligent Systems|||
2020|Advanced Intelligent Systems|||
2021|Advanced Intelligent Systems|1841|7.298|7.072
